user_id,started_at,finished_at,longitude,latitude,location_id,location_longitude,location_latitude,purpose
6,2023-01-01 00:00:00+00:00,2023-01-01 01:00:00+00:00,59.0,123.0,41,59.0,123.0,
6,2023-01-01 01:30:00+00:00,2023-01-01 02:30:00+00:00,59.0,124.0,46,59.0,124.0,home
6,2023-01-01 02:30:00+00:00,2023-01-01 05:30:00+00:00,60.0,126.0,48,60.0,126.0,
6,2023-01-01 06:00:00+00:00,2023-01-01 07:00:00+00:00,60.0,126.0,48,60.0,126.0,
6,2023-01-01 07:00:00+00:00,2023-01-01 08:00:00+00:00,59.0,123.0,41,59.0,123.0,
6,2023-01-01 08:00:00+00:00,2023-01-01 09:00:00+00:00,62.0,126.0,51,62.0,126.0,
6,2023-01-01 10:00:00+00:00,2023-01-01 11:30:00+00:00,59.0,124.0,46,59.0,124.0,home
6,2023-01-01 12:00:00+00:00,2023-01-01 13:00:00+00:00,64.0,136.0,58,64.0,136.0,
6,2023-01-01 13:00:00+00:00,2023-01-01 14:30:00+00:00,59.0,124.0,46,59.0,124.0,home
6,2023-01-01 15:00:00+00:00,2023-01-01 21:30:00+00:00,59.0,123.0,41,59.0,123.0,
6,2023-01-02 00:30:00+00:00,2023-01-02 03:00:00+00:00,59.0,124.0,46,59.0,124.0,home
6,2023-01-02 03:00:00+00:00,2023-01-02 05:00:00+00:00,62.0,126.0,51,62.0,126.0,
6,2023-01-02 05:00:00+00:00,2023-01-02 07:30:00+00:00,59.0,123.0,41,59.0,123.0,
6,2023-01-02 09:00:00+00:00,2023-01-02 10:00:00+00:00,62.0,111.0,4,62.0,111.0,
6,2023-01-02 10:30:00+00:00,2023-01-02 13:30:00+00:00,62.0,110.0,1,62.0,110.0,
6,2023-01-02 14:00:00+00:00,2023-01-02 16:00:00+00:00,59.0,124.0,46,59.0,124.0,home
6,2023-01-02 16:30:00+00:00,2023-01-02 21:30:00+00:00,59.0,124.0,46,59.0,124.0,home
6,2023-01-02 22:30:00+00:00,2023-01-02 23:30:00+00:00,59.0,123.0,41,59.0,123.0,
6,2023-01-03 00:00:00+00:00,2023-01-03 01:00:00+00:00,59.0,123.0,41,59.0,123.0,
6,2023-01-03 01:00:00+00:00,2023-01-03 03:30:00+00:00,60.0,126.0,48,60.0,126.0,
6,2023-01-03 04:00:00+00:00,2023-01-03 05:00:00+00:00,60.0,126.0,48,60.0,126.0,
6,2023-01-03 05:00:00+00:00,2023-01-03 06:00:00+00:00,62.0,126.0,51,62.0,126.0,
6,2023-01-03 06:00:00+00:00,2023-01-03 07:30:00+00:00,59.0,123.0,41,59.0,123.0,
6,2023-01-03 07:30:00+00:00,2023-01-03 09:00:00+00:00,62.0,111.0,4,62.0,111.0,
6,2023-01-03 09:30:00+00:00,2023-01-03 11:00:00+00:00,64.0,111.0,14,64.0,111.0,
6,2023-01-03 12:00:00+00:00,2023-01-03 13:30:00+00:00,61.0,110.0,2,61.0,110.0,
6,2023-01-03 14:30:00+00:00,2023-01-03 16:30:00+00:00,63.0,139.0,54,63.0,139.0,
6,2023-01-03 17:30:00+00:00,2023-01-03 19:00:00+00:00,61.0,114.0,10,61.0,114.0,
6,2023-01-03 19:00:00+00:00,2023-01-03 20:30:00+00:00,60.0,126.0,48,60.0,126.0,
6,2023-01-03 20:30:00+00:00,2023-01-04 00:00:00+00:00,59.0,124.0,46,59.0,124.0,home
6,2023-01-04 01:30:00+00:00,2023-01-04 02:30:00+00:00,59.0,124.0,46,59.0,124.0,home
6,2023-01-04 02:30:00+00:00,2023-01-04 04:00:00+00:00,62.0,126.0,51,62.0,126.0,
6,2023-01-04 04:30:00+00:00,2023-01-04 10:30:00+00:00,61.0,126.0,50,61.0,126.0,
6,2023-01-04 12:00:00+00:00,2023-01-04 13:30:00+00:00,62.0,126.0,51,62.0,126.0,
6,2023-01-04 13:30:00+00:00,2023-01-04 15:30:00+00:00,60.0,123.0,42,60.0,123.0,
6,2023-01-04 15:30:00+00:00,2023-01-04 17:30:00+00:00,62.0,126.0,51,62.0,126.0,
6,2023-01-04 17:30:00+00:00,2023-01-04 19:00:00+00:00,59.0,123.0,41,59.0,123.0,
6,2023-01-04 19:00:00+00:00,2023-01-04 21:00:00+00:00,60.0,126.0,48,60.0,126.0,
6,2023-01-04 21:00:00+00:00,2023-01-05 00:00:00+00:00,59.0,124.0,46,59.0,124.0,home
6,2023-01-05 00:30:00+00:00,2023-01-05 01:30:00+00:00,59.0,124.0,46,59.0,124.0,home
6,2023-01-05 01:30:00+00:00,2023-01-05 03:00:00+00:00,60.0,126.0,48,60.0,126.0,
6,2023-01-05 03:00:00+00:00,2023-01-05 06:30:00+00:00,59.0,124.0,46,59.0,124.0,home
6,2023-01-05 06:30:00+00:00,2023-01-05 12:30:00+00:00,63.0,110.0,16,63.0,110.0,work
6,2023-01-05 14:30:00+00:00,2023-01-05 15:30:00+00:00,60.0,126.0,48,60.0,126.0,
6,2023-01-05 17:00:00+00:00,2023-01-05 21:30:00+00:00,64.0,119.0,31,64.0,119.0,
6,2023-01-05 22:30:00+00:00,2023-01-06 00:00:00+00:00,59.0,124.0,46,59.0,124.0,home
6,2023-01-06 00:30:00+00:00,2023-01-06 01:30:00+00:00,59.0,123.0,41,59.0,123.0,
6,2023-01-06 03:30:00+00:00,2023-01-06 04:30:00+00:00,60.0,126.0,48,60.0,126.0,
6,2023-01-06 06:30:00+00:00,2023-01-06 07:30:00+00:00,62.0,126.0,51,62.0,126.0,
6,2023-01-06 07:30:00+00:00,2023-01-06 08:30:00+00:00,59.0,124.0,46,59.0,124.0,home
6,2023-01-06 09:00:00+00:00,2023-01-06 11:00:00+00:00,62.0,137.0,52,62.0,137.0,
6,2023-01-06 11:00:00+00:00,2023-01-06 12:30:00+00:00,60.0,126.0,48,60.0,126.0,
6,2023-01-06 12:30:00+00:00,2023-01-06 17:00:00+00:00,59.0,124.0,46,59.0,124.0,home
6,2023-01-06 17:00:00+00:00,2023-01-06 22:00:00+00:00,72.0,113.0,22,72.0,113.0,
6,2023-01-06 22:00:00+00:00,2023-01-06 23:00:00+00:00,60.0,123.0,42,60.0,123.0,
6,2023-01-07 00:00:00+00:00,2023-01-07 03:00:00+00:00,60.0,126.0,48,60.0,126.0,
6,2023-01-07 03:00:00+00:00,2023-01-07 05:00:00+00:00,62.0,126.0,51,62.0,126.0,
6,2023-01-07 06:00:00+00:00,2023-01-07 08:00:00+00:00,59.0,120.0,38,59.0,120.0,
6,2023-01-07 08:00:00+00:00,2023-01-07 10:30:00+00:00,63.0,111.0,15,63.0,111.0,
6,2023-01-07 11:00:00+00:00,2023-01-07 12:00:00+00:00,65.0,110.0,18,65.0,110.0,
6,2023-01-07 12:30:00+00:00,2023-01-07 13:30:00+00:00,61.0,113.0,11,61.0,113.0,
6,2023-01-07 13:30:00+00:00,2023-01-07 15:00:00+00:00,59.0,124.0,46,59.0,124.0,home
6,2023-01-07 15:30:00+00:00,2023-01-07 16:30:00+00:00,60.0,123.0,42,60.0,123.0,
6,2023-01-07 17:00:00+00:00,2023-01-07 21:30:00+00:00,68.0,117.0,28,68.0,117.0,
6,2023-01-07 22:30:00+00:00,2023-01-08 01:00:00+00:00,59.0,124.0,46,59.0,124.0,home
6,2023-01-08 01:00:00+00:00,2023-01-08 03:00:00+00:00,60.0,126.0,48,60.0,126.0,
6,2023-01-08 03:00:00+00:00,2023-01-08 04:00:00+00:00,62.0,126.0,51,62.0,126.0,
6,2023-01-08 06:00:00+00:00,2023-01-08 07:30:00+00:00,60.0,116.0,7,60.0,116.0,
6,2023-01-08 07:30:00+00:00,2023-01-08 08:30:00+00:00,62.0,111.0,4,62.0,111.0,
6,2023-01-08 11:30:00+00:00,2023-01-08 12:30:00+00:00,63.0,110.0,16,63.0,110.0,work
6,2023-01-08 13:30:00+00:00,2023-01-08 18:30:00+00:00,59.0,124.0,46,59.0,124.0,home
6,2023-01-08 19:30:00+00:00,2023-01-08 20:30:00+00:00,60.0,123.0,42,60.0,123.0,
6,2023-01-08 20:30:00+00:00,2023-01-08 21:30:00+00:00,60.0,126.0,48,60.0,126.0,
6,2023-01-08 21:30:00+00:00,2023-01-09 00:30:00+00:00,60.0,123.0,42,60.0,123.0,
6,2023-01-09 01:00:00+00:00,2023-01-09 02:30:00+00:00,60.0,123.0,42,60.0,123.0,
6,2023-01-09 02:30:00+00:00,2023-01-09 03:30:00+00:00,62.0,126.0,51,62.0,126.0,
6,2023-01-09 04:00:00+00:00,2023-01-09 05:00:00+00:00,62.0,126.0,51,62.0,126.0,
6,2023-01-09 05:00:00+00:00,2023-01-09 07:00:00+00:00,60.0,123.0,42,60.0,123.0,
6,2023-01-09 07:00:00+00:00,2023-01-09 08:30:00+00:00,63.0,110.0,16,63.0,110.0,work
6,2023-01-09 09:00:00+00:00,2023-01-09 10:00:00+00:00,60.0,123.0,42,60.0,123.0,
6,2023-01-09 10:00:00+00:00,2023-01-09 11:00:00+00:00,60.0,126.0,48,60.0,126.0,
6,2023-01-09 11:00:00+00:00,2023-01-09 14:30:00+00:00,62.0,126.0,51,62.0,126.0,
6,2023-01-09 14:30:00+00:00,2023-01-09 15:30:00+00:00,60.0,123.0,42,60.0,123.0,
6,2023-01-09 16:00:00+00:00,2023-01-10 00:00:00+00:00,59.0,124.0,46,59.0,124.0,home
6,2023-01-10 00:00:00+00:00,2023-01-10 03:30:00+00:00,60.0,126.0,48,60.0,126.0,
6,2023-01-10 04:00:00+00:00,2023-01-10 06:30:00+00:00,60.0,126.0,48,60.0,126.0,
6,2023-01-10 07:30:00+00:00,2023-01-10 14:00:00+00:00,62.0,112.0,5,62.0,112.0,
6,2023-01-10 15:00:00+00:00,2023-01-10 16:00:00+00:00,60.0,123.0,42,60.0,123.0,
6,2023-01-10 16:30:00+00:00,2023-01-10 21:30:00+00:00,59.0,124.0,46,59.0,124.0,home
6,2023-01-10 22:30:00+00:00,2023-01-11 01:00:00+00:00,60.0,123.0,42,60.0,123.0,
6,2023-01-11 01:30:00+00:00,2023-01-11 02:30:00+00:00,59.0,124.0,46,59.0,124.0,home
6,2023-01-11 03:00:00+00:00,2023-01-11 04:00:00+00:00,59.0,124.0,46,59.0,124.0,home
6,2023-01-11 04:30:00+00:00,2023-01-11 05:30:00+00:00,59.0,124.0,46,59.0,124.0,home
6,2023-01-11 06:00:00+00:00,2023-01-11 09:30:00+00:00,59.0,124.0,46,59.0,124.0,home
6,2023-01-11 10:30:00+00:00,2023-01-11 11:30:00+00:00,59.0,128.0,49,59.0,128.0,
6,2023-01-11 12:30:00+00:00,2023-01-11 16:30:00+00:00,60.0,123.0,42,60.0,123.0,
6,2023-01-11 16:30:00+00:00,2023-01-11 21:30:00+00:00,60.0,126.0,48,60.0,126.0,
6,2023-01-11 22:30:00+00:00,2023-01-12 00:00:00+00:00,60.0,123.0,42,60.0,123.0,
6,2023-01-12 00:00:00+00:00,2023-01-12 01:00:00+00:00,60.0,126.0,48,60.0,126.0,
6,2023-01-12 01:00:00+00:00,2023-01-12 02:00:00+00:00,59.0,124.0,46,59.0,124.0,home
6,2023-01-12 02:30:00+00:00,2023-01-12 03:30:00+00:00,62.0,126.0,51,62.0,126.0,
6,2023-01-12 04:00:00+00:00,2023-01-12 05:00:00+00:00,62.0,126.0,51,62.0,126.0,
6,2023-01-12 05:00:00+00:00,2023-01-12 06:00:00+00:00,60.0,123.0,42,60.0,123.0,
6,2023-01-12 06:30:00+00:00,2023-01-12 10:30:00+00:00,61.0,114.0,10,61.0,114.0,
6,2023-01-12 12:30:00+00:00,2023-01-12 13:30:00+00:00,60.0,126.0,48,60.0,126.0,
6,2023-01-12 14:00:00+00:00,2023-01-12 17:00:00+00:00,60.0,126.0,48,60.0,126.0,
6,2023-01-12 17:00:00+00:00,2023-01-12 21:30:00+00:00,63.0,119.0,33,63.0,119.0,
6,2023-01-12 22:00:00+00:00,2023-01-13 00:00:00+00:00,59.0,123.0,41,59.0,123.0,
6,2023-01-13 01:30:00+00:00,2023-01-13 03:30:00+00:00,59.0,124.0,46,59.0,124.0,home
6,2023-01-13 03:30:00+00:00,2023-01-13 04:30:00+00:00,62.0,126.0,51,62.0,126.0,
6,2023-01-13 04:30:00+00:00,2023-01-13 05:30:00+00:00,60.0,126.0,48,60.0,126.0,
6,2023-01-13 05:30:00+00:00,2023-01-13 07:00:00+00:00,59.0,124.0,46,59.0,124.0,home
6,2023-01-13 07:00:00+00:00,2023-01-13 09:00:00+00:00,60.0,117.0,35,60.0,117.0,
6,2023-01-13 10:30:00+00:00,2023-01-13 11:30:00+00:00,63.0,110.0,16,63.0,110.0,work
6,2023-01-13 12:00:00+00:00,2023-01-13 13:30:00+00:00,62.0,111.0,4,62.0,111.0,
6,2023-01-13 13:30:00+00:00,2023-01-13 14:30:00+00:00,61.0,113.0,11,61.0,113.0,
6,2023-01-13 15:30:00+00:00,2023-01-13 17:00:00+00:00,62.0,126.0,51,62.0,126.0,
6,2023-01-13 17:00:00+00:00,2023-01-13 18:00:00+00:00,59.0,124.0,46,59.0,124.0,home
6,2023-01-13 18:00:00+00:00,2023-01-13 19:30:00+00:00,60.0,126.0,48,60.0,126.0,
6,2023-01-13 19:30:00+00:00,2023-01-13 20:30:00+00:00,59.0,123.0,41,59.0,123.0,
6,2023-01-13 21:00:00+00:00,2023-01-13 23:30:00+00:00,59.0,123.0,41,59.0,123.0,
6,2023-01-14 00:00:00+00:00,2023-01-14 01:30:00+00:00,59.0,124.0,46,59.0,124.0,home
6,2023-01-14 02:00:00+00:00,2023-01-14 03:30:00+00:00,59.0,124.0,46,59.0,124.0,home
6,2023-01-14 03:30:00+00:00,2023-01-14 04:30:00+00:00,60.0,126.0,48,60.0,126.0,
6,2023-01-14 04:30:00+00:00,2023-01-14 06:00:00+00:00,59.0,124.0,46,59.0,124.0,home
6,2023-01-14 06:30:00+00:00,2023-01-14 07:30:00+00:00,59.0,123.0,41,59.0,123.0,
6,2023-01-14 09:00:00+00:00,2023-01-14 10:30:00+00:00,61.0,114.0,10,61.0,114.0,
6,2023-01-14 10:30:00+00:00,2023-01-14 13:30:00+00:00,63.0,110.0,16,63.0,110.0,work
6,2023-01-14 15:00:00+00:00,2023-01-14 16:00:00+00:00,61.0,111.0,3,61.0,111.0,
6,2023-01-14 16:00:00+00:00,2023-01-15 06:00:00+00:00,63.0,110.0,16,63.0,110.0,work
6,2023-01-15 06:00:00+00:00,2023-01-15 07:30:00+00:00,61.0,111.0,3,61.0,111.0,
6,2023-01-15 08:00:00+00:00,2023-01-15 09:00:00+00:00,61.0,111.0,3,61.0,111.0,
6,2023-01-15 10:30:00+00:00,2023-01-15 11:30:00+00:00,64.0,111.0,14,64.0,111.0,
6,2023-01-15 12:00:00+00:00,2023-01-15 13:30:00+00:00,63.0,110.0,16,63.0,110.0,work
6,2023-01-15 13:30:00+00:00,2023-01-15 15:30:00+00:00,59.0,124.0,46,59.0,124.0,home
6,2023-01-15 15:30:00+00:00,2023-01-15 16:30:00+00:00,60.0,126.0,48,60.0,126.0,
6,2023-01-15 17:00:00+00:00,2023-01-15 21:30:00+00:00,60.0,122.0,43,60.0,122.0,
6,2023-01-15 23:30:00+00:00,2023-01-16 03:00:00+00:00,59.0,124.0,46,59.0,124.0,home
6,2023-01-16 03:00:00+00:00,2023-01-16 06:30:00+00:00,60.0,126.0,48,60.0,126.0,
6,2023-01-16 06:30:00+00:00,2023-01-16 08:00:00+00:00,59.0,123.0,41,59.0,123.0,
6,2023-01-16 09:00:00+00:00,2023-01-16 11:00:00+00:00,60.0,126.0,48,60.0,126.0,
6,2023-01-16 11:00:00+00:00,2023-01-16 12:00:00+00:00,59.0,123.0,41,59.0,123.0,
6,2023-01-16 13:30:00+00:00,2023-01-16 15:30:00+00:00,70.0,117.0,30,70.0,117.0,
6,2023-01-16 18:00:00+00:00,2023-01-16 19:00:00+00:00,60.0,126.0,48,60.0,126.0,
6,2023-01-16 19:00:00+00:00,2023-01-16 20:00:00+00:00,59.0,123.0,41,59.0,123.0,
6,2023-01-16 20:30:00+00:00,2023-01-16 21:30:00+00:00,59.0,124.0,46,59.0,124.0,home
6,2023-01-16 21:30:00+00:00,2023-01-16 23:30:00+00:00,60.0,126.0,48,60.0,126.0,
6,2023-01-17 00:30:00+00:00,2023-01-17 02:00:00+00:00,59.0,124.0,46,59.0,124.0,home
6,2023-01-17 02:00:00+00:00,2023-01-17 07:30:00+00:00,60.0,126.0,48,60.0,126.0,
6,2023-01-17 07:30:00+00:00,2023-01-17 08:30:00+00:00,59.0,124.0,46,59.0,124.0,home
6,2023-01-17 09:00:00+00:00,2023-01-17 14:00:00+00:00,62.0,111.0,4,62.0,111.0,
6,2023-01-17 15:30:00+00:00,2023-01-17 16:30:00+00:00,60.0,126.0,48,60.0,126.0,
6,2023-01-17 17:30:00+00:00,2023-01-17 22:00:00+00:00,73.0,113.0,64,73.0,113.0,
6,2023-01-18 00:00:00+00:00,2023-01-18 01:00:00+00:00,59.0,124.0,46,59.0,124.0,home
6,2023-01-18 01:00:00+00:00,2023-01-18 02:00:00+00:00,60.0,126.0,48,60.0,126.0,
6,2023-01-18 06:30:00+00:00,2023-01-18 08:00:00+00:00,61.0,116.0,9,61.0,116.0,
6,2023-01-18 08:30:00+00:00,2023-01-18 12:30:00+00:00,63.0,111.0,15,63.0,111.0,
6,2023-01-18 13:00:00+00:00,2023-01-18 16:00:00+00:00,61.0,110.0,2,61.0,110.0,
6,2023-01-18 16:30:00+00:00,2023-01-18 21:30:00+00:00,60.0,126.0,48,60.0,126.0,
6,2023-01-18 23:00:00+00:00,2023-01-19 00:00:00+00:00,60.0,126.0,48,60.0,126.0,
6,2023-01-19 02:30:00+00:00,2023-01-19 03:30:00+00:00,60.0,126.0,48,60.0,126.0,
6,2023-01-19 03:30:00+00:00,2023-01-19 04:30:00+00:00,62.0,126.0,51,62.0,126.0,
6,2023-01-19 05:00:00+00:00,2023-01-19 06:00:00+00:00,62.0,126.0,51,62.0,126.0,
6,2023-01-19 06:30:00+00:00,2023-01-19 11:30:00+00:00,60.0,117.0,35,60.0,117.0,
6,2023-01-19 12:00:00+00:00,2023-01-19 13:00:00+00:00,59.0,124.0,46,59.0,124.0,home
6,2023-01-19 13:30:00+00:00,2023-01-19 15:30:00+00:00,59.0,124.0,46,59.0,124.0,home
6,2023-01-19 15:30:00+00:00,2023-01-19 17:30:00+00:00,60.0,126.0,48,60.0,126.0,
6,2023-01-19 17:30:00+00:00,2023-01-19 22:00:00+00:00,63.0,140.0,55,63.0,140.0,
6,2023-01-19 22:30:00+00:00,2023-01-19 23:30:00+00:00,60.0,126.0,48,60.0,126.0,
6,2023-01-19 23:30:00+00:00,2023-01-20 01:00:00+00:00,59.0,124.0,46,59.0,124.0,home
6,2023-01-20 01:00:00+00:00,2023-01-20 02:00:00+00:00,60.0,126.0,48,60.0,126.0,
6,2023-01-20 04:00:00+00:00,2023-01-20 05:00:00+00:00,60.0,126.0,48,60.0,126.0,
6,2023-01-20 05:00:00+00:00,2023-01-20 06:00:00+00:00,62.0,126.0,51,62.0,126.0,
6,2023-01-20 06:30:00+00:00,2023-01-20 09:00:00+00:00,59.0,124.0,46,59.0,124.0,home
6,2023-01-20 10:00:00+00:00,2023-01-20 11:00:00+00:00,63.0,111.0,15,63.0,111.0,
6,2023-01-20 11:00:00+00:00,2023-01-20 12:00:00+00:00,65.0,111.0,13,65.0,111.0,
6,2023-01-20 12:00:00+00:00,2023-01-20 13:00:00+00:00,62.0,111.0,4,62.0,111.0,
6,2023-01-20 13:00:00+00:00,2023-01-20 15:00:00+00:00,59.0,124.0,46,59.0,124.0,home
6,2023-01-20 15:00:00+00:00,2023-01-20 16:30:00+00:00,60.0,126.0,48,60.0,126.0,
6,2023-01-20 16:30:00+00:00,2023-01-20 21:30:00+00:00,59.0,124.0,46,59.0,124.0,home
6,2023-01-20 22:00:00+00:00,2023-01-20 23:30:00+00:00,60.0,126.0,48,60.0,126.0,
6,2023-01-21 00:00:00+00:00,2023-01-21 01:30:00+00:00,60.0,126.0,48,60.0,126.0,
6,2023-01-21 02:30:00+00:00,2023-01-21 05:00:00+00:00,59.0,124.0,46,59.0,124.0,home
6,2023-01-21 06:00:00+00:00,2023-01-21 11:30:00+00:00,59.0,119.0,37,59.0,119.0,
6,2023-01-21 11:30:00+00:00,2023-01-21 14:00:00+00:00,61.0,110.0,2,61.0,110.0,
6,2023-01-21 14:30:00+00:00,2023-01-21 15:30:00+00:00,66.0,113.0,26,66.0,113.0,
6,2023-01-21 16:00:00+00:00,2023-01-21 21:30:00+00:00,61.0,110.0,2,61.0,110.0,
6,2023-01-21 22:30:00+00:00,2023-01-21 23:30:00+00:00,60.0,126.0,48,60.0,126.0,
6,2023-01-21 23:30:00+00:00,2023-01-22 00:30:00+00:00,59.0,124.0,46,59.0,124.0,home
6,2023-01-22 02:30:00+00:00,2023-01-22 03:30:00+00:00,60.0,126.0,48,60.0,126.0,
6,2023-01-22 05:00:00+00:00,2023-01-22 06:00:00+00:00,60.0,126.0,48,60.0,126.0,
6,2023-01-22 06:00:00+00:00,2023-01-22 07:30:00+00:00,60.0,122.0,43,60.0,122.0,
6,2023-01-22 07:30:00+00:00,2023-01-22 09:00:00+00:00,63.0,111.0,15,63.0,111.0,
6,2023-01-22 10:00:00+00:00,2023-01-22 11:00:00+00:00,62.0,111.0,4,62.0,111.0,
6,2023-01-22 11:30:00+00:00,2023-01-22 12:30:00+00:00,61.0,110.0,2,61.0,110.0,
6,2023-01-22 14:30:00+00:00,2023-01-22 15:30:00+00:00,61.0,110.0,2,61.0,110.0,
6,2023-01-22 16:00:00+00:00,2023-01-22 17:30:00+00:00,65.0,113.0,12,65.0,113.0,
6,2023-01-22 19:00:00+00:00,2023-01-22 22:30:00+00:00,59.0,124.0,46,59.0,124.0,home
6,2023-01-22 23:00:00+00:00,2023-01-23 05:30:00+00:00,59.0,124.0,46,59.0,124.0,home
6,2023-01-23 05:30:00+00:00,2023-01-23 06:30:00+00:00,62.0,126.0,51,62.0,126.0,
6,2023-01-23 07:00:00+00:00,2023-01-23 09:30:00+00:00,63.0,110.0,16,63.0,110.0,work
6,2023-01-23 11:00:00+00:00,2023-01-23 12:30:00+00:00,61.0,110.0,2,61.0,110.0,
6,2023-01-23 13:00:00+00:00,2023-01-23 14:00:00+00:00,61.0,110.0,2,61.0,110.0,
6,2023-01-23 15:00:00+00:00,2023-01-23 18:30:00+00:00,59.0,118.0,36,59.0,118.0,
6,2023-01-23 18:30:00+00:00,2023-01-24 00:30:00+00:00,59.0,124.0,46,59.0,124.0,home
6,2023-01-24 01:00:00+00:00,2023-01-24 03:30:00+00:00,59.0,124.0,46,59.0,124.0,home
6,2023-01-24 03:30:00+00:00,2023-01-24 06:30:00+00:00,62.0,126.0,51,62.0,126.0,
6,2023-01-24 07:30:00+00:00,2023-01-24 09:30:00+00:00,61.0,115.0,8,61.0,115.0,
6,2023-01-24 09:30:00+00:00,2023-01-24 11:30:00+00:00,63.0,110.0,16,63.0,110.0,work
6,2023-01-24 13:30:00+00:00,2023-01-24 17:00:00+00:00,59.0,124.0,46,59.0,124.0,home
6,2023-01-24 17:00:00+00:00,2023-01-24 21:30:00+00:00,69.0,117.0,29,69.0,117.0,
6,2023-01-24 22:00:00+00:00,2023-01-25 00:30:00+00:00,71.0,113.0,21,71.0,113.0,
6,2023-01-25 01:00:00+00:00,2023-01-25 07:00:00+00:00,59.0,124.0,46,59.0,124.0,home
6,2023-01-25 07:30:00+00:00,2023-01-25 08:30:00+00:00,59.0,124.0,46,59.0,124.0,home
6,2023-01-25 08:30:00+00:00,2023-01-25 11:30:00+00:00,60.0,126.0,48,60.0,126.0,
6,2023-01-25 11:30:00+00:00,2023-01-25 12:30:00+00:00,60.0,124.0,45,60.0,124.0,
6,2023-01-25 14:30:00+00:00,2023-01-25 16:30:00+00:00,59.0,124.0,46,59.0,124.0,home
6,2023-01-25 17:30:00+00:00,2023-01-25 21:30:00+00:00,74.0,112.0,66,74.0,112.0,
6,2023-01-25 22:00:00+00:00,2023-01-26 00:00:00+00:00,59.0,124.0,46,59.0,124.0,home
6,2023-01-26 00:30:00+00:00,2023-01-26 06:30:00+00:00,59.0,124.0,46,59.0,124.0,home
6,2023-01-26 06:30:00+00:00,2023-01-26 08:30:00+00:00,59.0,119.0,37,59.0,119.0,
6,2023-01-26 10:30:00+00:00,2023-01-26 11:30:00+00:00,61.0,111.0,3,61.0,111.0,
6,2023-01-26 14:00:00+00:00,2023-01-26 16:30:00+00:00,59.0,124.0,46,59.0,124.0,home
6,2023-01-26 18:00:00+00:00,2023-01-26 20:30:00+00:00,63.0,140.0,55,63.0,140.0,
6,2023-01-26 20:30:00+00:00,2023-01-26 21:30:00+00:00,64.0,142.0,56,64.0,142.0,
6,2023-01-26 22:00:00+00:00,2023-01-27 00:00:00+00:00,62.0,138.0,53,62.0,138.0,
6,2023-01-27 00:30:00+00:00,2023-01-27 02:30:00+00:00,59.0,124.0,46,59.0,124.0,home
6,2023-01-27 03:00:00+00:00,2023-01-27 04:00:00+00:00,59.0,123.0,41,59.0,123.0,
6,2023-01-27 04:00:00+00:00,2023-01-27 05:00:00+00:00,62.0,126.0,51,62.0,126.0,
6,2023-01-27 07:00:00+00:00,2023-01-27 09:30:00+00:00,63.0,110.0,16,63.0,110.0,work
6,2023-01-27 10:30:00+00:00,2023-01-27 11:30:00+00:00,62.0,110.0,1,62.0,110.0,
6,2023-01-27 13:00:00+00:00,2023-01-27 14:00:00+00:00,61.0,110.0,2,61.0,110.0,
6,2023-01-27 14:30:00+00:00,2023-01-27 16:00:00+00:00,65.0,109.0,19,65.0,109.0,
6,2023-01-27 17:00:00+00:00,2023-01-27 22:30:00+00:00,59.0,124.0,46,59.0,124.0,home
6,2023-01-27 22:30:00+00:00,2023-01-28 00:00:00+00:00,62.0,126.0,51,62.0,126.0,
6,2023-01-28 00:00:00+00:00,2023-01-28 02:30:00+00:00,59.0,124.0,46,59.0,124.0,home
6,2023-01-28 02:30:00+00:00,2023-01-28 05:00:00+00:00,62.0,126.0,51,62.0,126.0,
6,2023-01-28 05:30:00+00:00,2023-01-28 06:30:00+00:00,62.0,126.0,51,62.0,126.0,
6,2023-01-28 06:30:00+00:00,2023-01-28 07:30:00+00:00,59.0,124.0,46,59.0,124.0,home
6,2023-01-28 09:00:00+00:00,2023-01-28 10:30:00+00:00,59.0,123.0,41,59.0,123.0,
6,2023-01-28 11:00:00+00:00,2023-01-28 12:30:00+00:00,59.0,123.0,41,59.0,123.0,
6,2023-01-28 12:30:00+00:00,2023-01-28 14:30:00+00:00,62.0,126.0,51,62.0,126.0,
6,2023-01-28 15:30:00+00:00,2023-01-28 19:30:00+00:00,59.0,124.0,46,59.0,124.0,home
6,2023-01-28 20:00:00+00:00,2023-01-28 22:30:00+00:00,59.0,124.0,46,59.0,124.0,home
6,2023-01-28 23:00:00+00:00,2023-01-29 02:30:00+00:00,59.0,124.0,46,59.0,124.0,home
6,2023-01-29 02:30:00+00:00,2023-01-29 04:30:00+00:00,62.0,126.0,51,62.0,126.0,
6,2023-01-29 06:00:00+00:00,2023-01-29 13:00:00+00:00,63.0,110.0,16,63.0,110.0,work
6,2023-01-29 14:00:00+00:00,2023-01-29 15:00:00+00:00,59.0,124.0,46,59.0,124.0,home
6,2023-01-29 15:00:00+00:00,2023-01-29 17:00:00+00:00,59.0,126.0,47,59.0,126.0,
6,2023-01-29 17:30:00+00:00,2023-01-29 21:30:00+00:00,73.0,113.0,64,73.0,113.0,
6,2023-01-29 22:30:00+00:00,2023-01-30 08:00:00+00:00,59.0,124.0,46,59.0,124.0,home
6,2023-01-30 08:00:00+00:00,2023-01-30 09:00:00+00:00,62.0,126.0,51,62.0,126.0,
6,2023-01-30 09:00:00+00:00,2023-01-30 13:00:00+00:00,62.0,110.0,1,62.0,110.0,
6,2023-01-30 13:00:00+00:00,2023-01-30 17:00:00+00:00,59.0,124.0,46,59.0,124.0,home
6,2023-01-30 17:30:00+00:00,2023-01-30 22:00:00+00:00,73.0,113.0,64,73.0,113.0,
6,2023-01-30 22:00:00+00:00,2023-01-31 00:00:00+00:00,59.0,124.0,46,59.0,124.0,home
6,2023-01-31 00:30:00+00:00,2023-01-31 02:00:00+00:00,59.0,124.0,46,59.0,124.0,home
6,2023-01-31 02:30:00+00:00,2023-01-31 04:00:00+00:00,59.0,124.0,46,59.0,124.0,home
6,2023-01-31 04:00:00+00:00,2023-01-31 06:00:00+00:00,60.0,126.0,48,60.0,126.0,
6,2023-01-31 06:00:00+00:00,2023-01-31 07:00:00+00:00,59.0,124.0,46,59.0,124.0,home
6,2023-01-31 07:00:00+00:00,2023-01-31 10:00:00+00:00,63.0,110.0,16,63.0,110.0,work
6,2023-01-31 10:30:00+00:00,2023-01-31 11:30:00+00:00,61.0,110.0,2,61.0,110.0,
6,2023-01-31 13:30:00+00:00,2023-01-31 14:30:00+00:00,61.0,110.0,2,61.0,110.0,
6,2023-01-31 15:30:00+00:00,2023-01-31 16:30:00+00:00,62.0,126.0,51,62.0,126.0,
6,2023-01-31 16:30:00+00:00,2023-01-31 21:30:00+00:00,60.0,126.0,48,60.0,126.0,
6,2023-01-31 22:00:00+00:00,2023-02-01 00:30:00+00:00,69.0,116.0,25,69.0,116.0,
6,2023-02-01 01:00:00+00:00,2023-02-01 02:30:00+00:00,59.0,122.0,40,59.0,122.0,
6,2023-02-01 02:30:00+00:00,2023-02-01 06:00:00+00:00,60.0,124.0,45,60.0,124.0,
6,2023-02-01 06:30:00+00:00,2023-02-01 08:00:00+00:00,59.0,116.0,6,59.0,116.0,
6,2023-02-01 08:30:00+00:00,2023-02-01 10:00:00+00:00,61.0,110.0,2,61.0,110.0,
6,2023-02-01 10:00:00+00:00,2023-02-01 11:00:00+00:00,63.0,111.0,15,63.0,111.0,
6,2023-02-01 12:00:00+00:00,2023-02-01 13:00:00+00:00,63.0,111.0,15,63.0,111.0,
6,2023-02-01 15:00:00+00:00,2023-02-01 16:00:00+00:00,63.0,110.0,16,63.0,110.0,work
6,2023-02-01 16:30:00+00:00,2023-02-01 17:30:00+00:00,60.0,121.0,39,60.0,121.0,
6,2023-02-01 18:00:00+00:00,2023-02-01 20:00:00+00:00,59.0,124.0,46,59.0,124.0,home
6,2023-02-01 20:00:00+00:00,2023-02-01 22:00:00+00:00,59.0,122.0,40,59.0,122.0,
6,2023-02-01 22:00:00+00:00,2023-02-02 00:30:00+00:00,59.0,124.0,46,59.0,124.0,home
6,2023-02-02 01:00:00+00:00,2023-02-02 03:30:00+00:00,59.0,124.0,46,59.0,124.0,home
6,2023-02-02 03:30:00+00:00,2023-02-02 05:00:00+00:00,62.0,126.0,51,62.0,126.0,
6,2023-02-02 05:30:00+00:00,2023-02-02 08:00:00+00:00,62.0,126.0,51,62.0,126.0,
6,2023-02-02 08:00:00+00:00,2023-02-02 10:00:00+00:00,59.0,124.0,46,59.0,124.0,home
6,2023-02-02 10:30:00+00:00,2023-02-02 17:00:00+00:00,65.0,141.0,57,65.0,141.0,
6,2023-02-02 17:30:00+00:00,2023-02-02 18:30:00+00:00,62.0,126.0,51,62.0,126.0,
6,2023-02-02 18:30:00+00:00,2023-02-02 20:00:00+00:00,59.0,124.0,46,59.0,124.0,home
6,2023-02-02 20:00:00+00:00,2023-02-02 22:30:00+00:00,59.0,122.0,40,59.0,122.0,
6,2023-02-02 23:30:00+00:00,2023-02-03 01:00:00+00:00,59.0,124.0,46,59.0,124.0,home
6,2023-02-03 01:30:00+00:00,2023-02-03 02:30:00+00:00,59.0,124.0,46,59.0,124.0,home
6,2023-02-03 02:30:00+00:00,2023-02-03 04:00:00+00:00,62.0,126.0,51,62.0,126.0,
6,2023-02-03 04:30:00+00:00,2023-02-03 06:30:00+00:00,62.0,126.0,51,62.0,126.0,
6,2023-02-03 07:30:00+00:00,2023-02-03 09:00:00+00:00,59.0,124.0,46,59.0,124.0,home
6,2023-02-03 09:00:00+00:00,2023-02-03 11:00:00+00:00,62.0,126.0,51,62.0,126.0,
6,2023-02-03 11:00:00+00:00,2023-02-03 16:30:00+00:00,59.0,124.0,46,59.0,124.0,home
6,2023-02-03 17:30:00+00:00,2023-02-03 22:00:00+00:00,73.0,112.0,67,73.0,112.0,
6,2023-02-03 23:30:00+00:00,2023-02-04 01:30:00+00:00,62.0,126.0,51,62.0,126.0,
6,2023-02-04 01:30:00+00:00,2023-02-04 02:30:00+00:00,59.0,123.0,41,59.0,123.0,
6,2023-02-04 03:30:00+00:00,2023-02-04 05:00:00+00:00,61.0,126.0,50,61.0,126.0,
6,2023-02-04 06:00:00+00:00,2023-02-04 08:30:00+00:00,63.0,110.0,16,63.0,110.0,work
6,2023-02-04 10:30:00+00:00,2023-02-04 13:30:00+00:00,62.0,110.0,1,62.0,110.0,
6,2023-02-04 14:30:00+00:00,2023-02-04 21:30:00+00:00,59.0,124.0,46,59.0,124.0,home
6,2023-02-04 23:00:00+00:00,2023-02-05 00:00:00+00:00,60.0,124.0,45,60.0,124.0,
6,2023-02-05 00:30:00+00:00,2023-02-05 03:00:00+00:00,59.0,124.0,46,59.0,124.0,home
6,2023-02-05 03:00:00+00:00,2023-02-05 05:00:00+00:00,62.0,126.0,51,62.0,126.0,
6,2023-02-05 06:30:00+00:00,2023-02-05 07:30:00+00:00,63.0,110.0,16,63.0,110.0,work
6,2023-02-05 08:30:00+00:00,2023-02-05 09:30:00+00:00,61.0,111.0,3,61.0,111.0,
6,2023-02-05 17:00:00+00:00,2023-02-05 22:00:00+00:00,73.0,113.0,64,73.0,113.0,
6,2023-02-05 23:30:00+00:00,2023-02-06 03:00:00+00:00,59.0,124.0,46,59.0,124.0,home
6,2023-02-06 03:00:00+00:00,2023-02-06 05:00:00+00:00,62.0,126.0,51,62.0,126.0,
6,2023-02-06 05:30:00+00:00,2023-02-06 06:30:00+00:00,59.0,124.0,46,59.0,124.0,home
6,2023-02-06 06:30:00+00:00,2023-02-06 09:00:00+00:00,63.0,110.0,16,63.0,110.0,work
6,2023-02-06 09:30:00+00:00,2023-02-06 11:00:00+00:00,61.0,110.0,2,61.0,110.0,
6,2023-02-06 12:00:00+00:00,2023-02-06 14:00:00+00:00,64.0,111.0,14,64.0,111.0,
6,2023-02-06 14:00:00+00:00,2023-02-06 15:00:00+00:00,61.0,113.0,11,61.0,113.0,
6,2023-02-06 15:30:00+00:00,2023-02-06 17:30:00+00:00,59.0,123.0,41,59.0,123.0,
6,2023-02-06 17:30:00+00:00,2023-02-06 19:00:00+00:00,60.0,126.0,48,60.0,126.0,
6,2023-02-06 19:00:00+00:00,2023-02-06 20:30:00+00:00,59.0,124.0,46,59.0,124.0,home
6,2023-02-06 21:00:00+00:00,2023-02-06 22:00:00+00:00,59.0,124.0,46,59.0,124.0,home
6,2023-02-06 22:00:00+00:00,2023-02-07 00:00:00+00:00,60.0,126.0,48,60.0,126.0,
6,2023-02-07 00:30:00+00:00,2023-02-07 01:30:00+00:00,60.0,126.0,48,60.0,126.0,
6,2023-02-07 01:30:00+00:00,2023-02-07 04:30:00+00:00,59.0,124.0,46,59.0,124.0,home
6,2023-02-07 05:00:00+00:00,2023-02-07 06:30:00+00:00,60.0,126.0,48,60.0,126.0,
6,2023-02-07 06:30:00+00:00,2023-02-07 07:30:00+00:00,59.0,123.0,41,59.0,123.0,
6,2023-02-07 08:00:00+00:00,2023-02-07 11:30:00+00:00,63.0,110.0,16,63.0,110.0,work
6,2023-02-07 11:30:00+00:00,2023-02-07 12:30:00+00:00,61.0,110.0,2,61.0,110.0,
6,2023-02-07 12:30:00+00:00,2023-02-07 15:30:00+00:00,63.0,111.0,15,63.0,111.0,
6,2023-02-07 16:00:00+00:00,2023-02-07 17:00:00+00:00,63.0,111.0,15,63.0,111.0,
6,2023-02-07 17:00:00+00:00,2023-02-07 22:00:00+00:00,72.0,113.0,22,72.0,113.0,
6,2023-02-07 22:00:00+00:00,2023-02-07 23:00:00+00:00,60.0,121.0,39,60.0,121.0,
6,2023-02-08 00:30:00+00:00,2023-02-08 02:00:00+00:00,59.0,124.0,46,59.0,124.0,home
6,2023-02-08 03:00:00+00:00,2023-02-08 06:30:00+00:00,62.0,126.0,51,62.0,126.0,
6,2023-02-08 06:30:00+00:00,2023-02-08 08:00:00+00:00,59.0,123.0,41,59.0,123.0,
6,2023-02-08 10:00:00+00:00,2023-02-08 11:00:00+00:00,68.0,117.0,28,68.0,117.0,
6,2023-02-08 11:00:00+00:00,2023-02-08 13:30:00+00:00,60.0,126.0,48,60.0,126.0,
6,2023-02-08 15:30:00+00:00,2023-02-08 16:30:00+00:00,60.0,126.0,48,60.0,126.0,
6,2023-02-08 17:00:00+00:00,2023-02-08 23:00:00+00:00,73.0,113.0,64,73.0,113.0,
6,2023-02-08 23:00:00+00:00,2023-02-09 01:30:00+00:00,60.0,126.0,48,60.0,126.0,
6,2023-02-09 03:00:00+00:00,2023-02-09 06:00:00+00:00,60.0,126.0,48,60.0,126.0,
6,2023-02-09 06:30:00+00:00,2023-02-09 11:00:00+00:00,62.0,111.0,4,62.0,111.0,
6,2023-02-09 11:00:00+00:00,2023-02-09 12:30:00+00:00,61.0,113.0,11,61.0,113.0,
6,2023-02-09 13:00:00+00:00,2023-02-09 14:00:00+00:00,59.0,123.0,41,59.0,123.0,
6,2023-02-09 15:00:00+00:00,2023-02-09 16:00:00+00:00,59.0,123.0,41,59.0,123.0,
6,2023-02-09 16:00:00+00:00,2023-02-09 17:00:00+00:00,60.0,126.0,48,60.0,126.0,
6,2023-02-09 17:30:00+00:00,2023-02-09 22:00:00+00:00,73.0,113.0,64,73.0,113.0,
6,2023-02-09 22:00:00+00:00,2023-02-10 00:30:00+00:00,59.0,123.0,41,59.0,123.0,
6,2023-02-10 00:30:00+00:00,2023-02-10 02:30:00+00:00,60.0,126.0,48,60.0,126.0,
6,2023-02-10 03:30:00+00:00,2023-02-10 04:30:00+00:00,62.0,126.0,51,62.0,126.0,
6,2023-02-10 07:00:00+00:00,2023-02-10 08:00:00+00:00,62.0,126.0,51,62.0,126.0,
6,2023-02-10 08:00:00+00:00,2023-02-10 10:00:00+00:00,59.0,124.0,46,59.0,124.0,home
6,2023-02-10 10:30:00+00:00,2023-02-10 12:00:00+00:00,59.0,124.0,46,59.0,124.0,home
6,2023-02-10 12:00:00+00:00,2023-02-10 13:00:00+00:00,62.0,126.0,51,62.0,126.0,
6,2023-02-10 13:30:00+00:00,2023-02-10 16:00:00+00:00,62.0,126.0,51,62.0,126.0,
6,2023-02-10 16:00:00+00:00,2023-02-10 18:30:00+00:00,60.0,126.0,48,60.0,126.0,
6,2023-02-10 23:00:00+00:00,2023-02-11 00:30:00+00:00,59.0,124.0,46,59.0,124.0,home
6,2023-02-11 00:30:00+00:00,2023-02-11 02:00:00+00:00,60.0,126.0,48,60.0,126.0,
6,2023-02-11 04:00:00+00:00,2023-02-11 06:30:00+00:00,59.0,124.0,46,59.0,124.0,home
6,2023-02-11 07:30:00+00:00,2023-02-11 09:00:00+00:00,59.0,124.0,46,59.0,124.0,home
6,2023-02-11 09:00:00+00:00,2023-02-11 10:00:00+00:00,60.0,122.0,43,60.0,122.0,
6,2023-02-11 10:30:00+00:00,2023-02-11 12:00:00+00:00,60.0,122.0,43,60.0,122.0,
6,2023-02-11 12:30:00+00:00,2023-02-11 14:30:00+00:00,60.0,126.0,48,60.0,126.0,
6,2023-02-11 14:30:00+00:00,2023-02-11 15:30:00+00:00,59.0,124.0,46,59.0,124.0,home
6,2023-02-11 15:30:00+00:00,2023-02-11 16:30:00+00:00,62.0,138.0,53,62.0,138.0,
6,2023-02-11 17:00:00+00:00,2023-02-11 21:30:00+00:00,71.0,114.0,23,71.0,114.0,
6,2023-02-12 00:00:00+00:00,2023-02-12 03:00:00+00:00,59.0,124.0,46,59.0,124.0,home
6,2023-02-12 03:00:00+00:00,2023-02-12 04:00:00+00:00,60.0,126.0,48,60.0,126.0,
6,2023-02-12 04:00:00+00:00,2023-02-12 06:00:00+00:00,59.0,124.0,46,59.0,124.0,home
6,2023-02-12 06:00:00+00:00,2023-02-12 09:00:00+00:00,63.0,110.0,16,63.0,110.0,work
6,2023-02-12 10:00:00+00:00,2023-02-12 11:00:00+00:00,63.0,111.0,15,63.0,111.0,
6,2023-02-12 12:00:00+00:00,2023-02-12 13:00:00+00:00,63.0,111.0,15,63.0,111.0,
6,2023-02-12 14:30:00+00:00,2023-02-12 16:30:00+00:00,59.0,124.0,46,59.0,124.0,home
6,2023-02-12 17:00:00+00:00,2023-02-12 21:30:00+00:00,64.0,118.0,32,64.0,118.0,
6,2023-02-12 22:30:00+00:00,2023-02-13 01:30:00+00:00,59.0,124.0,46,59.0,124.0,home
6,2023-02-13 02:00:00+00:00,2023-02-13 05:30:00+00:00,59.0,124.0,46,59.0,124.0,home
6,2023-02-13 06:30:00+00:00,2023-02-13 08:30:00+00:00,61.0,114.0,10,61.0,114.0,
6,2023-02-13 09:00:00+00:00,2023-02-13 11:30:00+00:00,62.0,111.0,4,62.0,111.0,
6,2023-02-13 11:30:00+00:00,2023-02-13 12:30:00+00:00,64.0,111.0,14,64.0,111.0,
6,2023-02-13 13:00:00+00:00,2023-02-13 14:00:00+00:00,63.0,111.0,15,63.0,111.0,
6,2023-02-13 17:00:00+00:00,2023-02-13 18:00:00+00:00,60.0,126.0,48,60.0,126.0,
6,2023-02-13 19:00:00+00:00,2023-02-13 20:00:00+00:00,59.0,124.0,46,59.0,124.0,home
6,2023-02-13 20:00:00+00:00,2023-02-13 21:00:00+00:00,60.0,126.0,48,60.0,126.0,
6,2023-02-13 21:00:00+00:00,2023-02-13 22:00:00+00:00,59.0,124.0,46,59.0,124.0,home
6,2023-02-13 22:30:00+00:00,2023-02-13 23:30:00+00:00,59.0,124.0,46,59.0,124.0,home
6,2023-02-14 01:00:00+00:00,2023-02-14 02:30:00+00:00,59.0,124.0,46,59.0,124.0,home
6,2023-02-14 03:30:00+00:00,2023-02-14 04:30:00+00:00,60.0,126.0,48,60.0,126.0,
6,2023-02-14 04:30:00+00:00,2023-02-14 06:00:00+00:00,62.0,126.0,51,62.0,126.0,
6,2023-02-14 06:00:00+00:00,2023-02-14 07:30:00+00:00,59.0,124.0,46,59.0,124.0,home
6,2023-02-14 08:00:00+00:00,2023-02-14 10:00:00+00:00,59.0,124.0,46,59.0,124.0,home
6,2023-02-14 11:00:00+00:00,2023-02-14 12:00:00+00:00,72.0,112.0,20,72.0,112.0,
6,2023-02-14 12:00:00+00:00,2023-02-14 13:00:00+00:00,61.0,113.0,11,61.0,113.0,
6,2023-02-14 13:00:00+00:00,2023-02-14 15:30:00+00:00,60.0,117.0,35,60.0,117.0,
6,2023-02-14 15:30:00+00:00,2023-02-14 16:30:00+00:00,60.0,126.0,48,60.0,126.0,
6,2023-02-14 17:30:00+00:00,2023-02-14 22:00:00+00:00,73.0,112.0,67,73.0,112.0,
6,2023-02-14 22:30:00+00:00,2023-02-15 00:00:00+00:00,59.0,122.0,40,59.0,122.0,
6,2023-02-15 00:00:00+00:00,2023-02-15 01:00:00+00:00,60.0,126.0,48,60.0,126.0,
6,2023-02-15 01:00:00+00:00,2023-02-15 02:30:00+00:00,59.0,124.0,46,59.0,124.0,home
6,2023-02-15 03:00:00+00:00,2023-02-15 04:00:00+00:00,62.0,126.0,51,62.0,126.0,
6,2023-02-15 04:00:00+00:00,2023-02-15 06:00:00+00:00,60.0,126.0,48,60.0,126.0,
6,2023-02-15 07:30:00+00:00,2023-02-15 21:30:00+00:00,85.0,119.0,62,85.0,119.0,
6,2023-02-15 22:30:00+00:00,2023-02-15 23:30:00+00:00,59.0,124.0,46,59.0,124.0,home
6,2023-02-16 00:30:00+00:00,2023-02-16 05:00:00+00:00,60.0,126.0,48,60.0,126.0,
6,2023-02-16 05:30:00+00:00,2023-02-16 09:00:00+00:00,59.0,123.0,41,59.0,123.0,
6,2023-02-16 09:30:00+00:00,2023-02-16 15:30:00+00:00,65.0,109.0,19,65.0,109.0,
6,2023-02-16 15:30:00+00:00,2023-02-16 17:00:00+00:00,62.0,111.0,4,62.0,111.0,
6,2023-02-16 17:30:00+00:00,2023-02-16 22:30:00+00:00,73.0,112.0,67,73.0,112.0,
6,2023-02-16 22:30:00+00:00,2023-02-17 00:30:00+00:00,60.0,126.0,48,60.0,126.0,
6,2023-02-17 01:00:00+00:00,2023-02-17 02:30:00+00:00,60.0,126.0,48,60.0,126.0,
6,2023-02-17 03:00:00+00:00,2023-02-17 04:00:00+00:00,59.0,124.0,46,59.0,124.0,home
6,2023-02-17 04:00:00+00:00,2023-02-17 05:00:00+00:00,60.0,126.0,48,60.0,126.0,
6,2023-02-17 05:00:00+00:00,2023-02-17 07:00:00+00:00,59.0,124.0,46,59.0,124.0,home
6,2023-02-17 07:00:00+00:00,2023-02-17 08:00:00+00:00,62.0,126.0,51,62.0,126.0,
6,2023-02-17 08:00:00+00:00,2023-02-17 10:00:00+00:00,59.0,123.0,41,59.0,123.0,
6,2023-02-17 10:00:00+00:00,2023-02-17 12:00:00+00:00,60.0,126.0,48,60.0,126.0,
6,2023-02-17 12:00:00+00:00,2023-02-17 13:00:00+00:00,59.0,123.0,41,59.0,123.0,
6,2023-02-17 14:00:00+00:00,2023-02-17 18:00:00+00:00,59.0,123.0,41,59.0,123.0,
6,2023-02-17 18:00:00+00:00,2023-02-17 19:00:00+00:00,60.0,126.0,48,60.0,126.0,
6,2023-02-17 19:00:00+00:00,2023-02-17 20:00:00+00:00,59.0,124.0,46,59.0,124.0,home
6,2023-02-18 00:30:00+00:00,2023-02-18 01:30:00+00:00,59.0,124.0,46,59.0,124.0,home
6,2023-02-18 01:30:00+00:00,2023-02-18 03:30:00+00:00,60.0,126.0,48,60.0,126.0,
6,2023-02-18 03:30:00+00:00,2023-02-18 04:30:00+00:00,62.0,126.0,51,62.0,126.0,
6,2023-02-18 06:00:00+00:00,2023-02-18 08:30:00+00:00,64.0,111.0,14,64.0,111.0,
6,2023-02-18 10:00:00+00:00,2023-02-18 13:00:00+00:00,62.0,111.0,4,62.0,111.0,
6,2023-02-18 14:00:00+00:00,2023-02-18 15:00:00+00:00,60.0,124.0,45,60.0,124.0,
6,2023-02-18 15:30:00+00:00,2023-02-18 16:30:00+00:00,59.0,123.0,41,59.0,123.0,
6,2023-02-18 17:30:00+00:00,2023-02-18 22:00:00+00:00,73.0,113.0,64,73.0,113.0,
6,2023-02-18 22:30:00+00:00,2023-02-18 23:30:00+00:00,60.0,126.0,48,60.0,126.0,
6,2023-02-19 00:00:00+00:00,2023-02-19 02:30:00+00:00,60.0,126.0,48,60.0,126.0,
6,2023-02-19 03:30:00+00:00,2023-02-19 05:00:00+00:00,59.0,123.0,41,59.0,123.0,
6,2023-02-19 06:00:00+00:00,2023-02-19 09:30:00+00:00,62.0,111.0,4,62.0,111.0,
6,2023-02-19 09:30:00+00:00,2023-02-19 10:30:00+00:00,65.0,109.0,19,65.0,109.0,
6,2023-02-19 12:00:00+00:00,2023-02-19 13:30:00+00:00,63.0,111.0,15,63.0,111.0,
6,2023-02-19 13:30:00+00:00,2023-02-19 14:30:00+00:00,61.0,115.0,8,61.0,115.0,
6,2023-02-19 14:30:00+00:00,2023-02-19 21:30:00+00:00,59.0,124.0,46,59.0,124.0,home
6,2023-02-19 21:30:00+00:00,2023-02-19 22:30:00+00:00,72.0,113.0,22,72.0,113.0,
6,2023-02-19 22:30:00+00:00,2023-02-20 02:00:00+00:00,59.0,124.0,46,59.0,124.0,home
6,2023-02-20 02:30:00+00:00,2023-02-20 03:30:00+00:00,59.0,124.0,46,59.0,124.0,home
6,2023-02-20 04:00:00+00:00,2023-02-20 05:00:00+00:00,59.0,124.0,46,59.0,124.0,home
6,2023-02-20 06:00:00+00:00,2023-02-20 13:00:00+00:00,63.0,111.0,15,63.0,111.0,
6,2023-02-20 13:30:00+00:00,2023-02-20 14:30:00+00:00,64.0,111.0,14,64.0,111.0,
6,2023-02-20 15:30:00+00:00,2023-02-20 17:00:00+00:00,62.0,111.0,4,62.0,111.0,
6,2023-02-20 17:00:00+00:00,2023-02-20 22:00:00+00:00,73.0,113.0,64,73.0,113.0,
6,2023-02-20 22:00:00+00:00,2023-02-21 00:00:00+00:00,60.0,126.0,48,60.0,126.0,
6,2023-02-21 01:00:00+00:00,2023-02-21 02:00:00+00:00,59.0,122.0,40,59.0,122.0,
6,2023-02-21 02:30:00+00:00,2023-02-21 03:30:00+00:00,60.0,126.0,48,60.0,126.0,
6,2023-02-21 03:30:00+00:00,2023-02-21 04:30:00+00:00,62.0,126.0,51,62.0,126.0,
6,2023-02-21 05:00:00+00:00,2023-02-21 06:30:00+00:00,62.0,126.0,51,62.0,126.0,
6,2023-02-21 07:30:00+00:00,2023-02-21 08:30:00+00:00,60.0,126.0,48,60.0,126.0,
6,2023-02-21 08:30:00+00:00,2023-02-21 11:30:00+00:00,60.0,124.0,45,60.0,124.0,
6,2023-02-21 11:30:00+00:00,2023-02-21 12:30:00+00:00,66.0,115.0,27,66.0,115.0,
6,2023-02-21 14:00:00+00:00,2023-02-21 16:30:00+00:00,59.0,123.0,41,59.0,123.0,
6,2023-02-21 16:30:00+00:00,2023-02-21 21:30:00+00:00,60.0,126.0,48,60.0,126.0,
6,2023-02-21 22:30:00+00:00,2023-02-21 23:30:00+00:00,59.0,123.0,41,59.0,123.0,
6,2023-02-21 23:30:00+00:00,2023-02-22 00:30:00+00:00,60.0,126.0,48,60.0,126.0,
6,2023-02-22 01:00:00+00:00,2023-02-22 02:00:00+00:00,60.0,126.0,48,60.0,126.0,
6,2023-02-22 02:30:00+00:00,2023-02-22 05:30:00+00:00,62.0,126.0,51,62.0,126.0,
6,2023-02-22 05:30:00+00:00,2023-02-22 06:30:00+00:00,60.0,126.0,48,60.0,126.0,
6,2023-02-22 06:30:00+00:00,2023-02-22 07:30:00+00:00,59.0,124.0,46,59.0,124.0,home
6,2023-02-22 07:30:00+00:00,2023-02-22 10:00:00+00:00,60.0,126.0,48,60.0,126.0,
6,2023-02-22 10:30:00+00:00,2023-02-22 11:30:00+00:00,59.0,123.0,41,59.0,123.0,
6,2023-02-22 15:00:00+00:00,2023-02-22 17:00:00+00:00,59.0,124.0,46,59.0,124.0,home
6,2023-02-22 18:30:00+00:00,2023-02-22 22:00:00+00:00,66.0,143.0,59,66.0,143.0,
6,2023-02-23 00:30:00+00:00,2023-02-23 01:30:00+00:00,60.0,126.0,48,60.0,126.0,
6,2023-02-23 01:30:00+00:00,2023-02-23 03:30:00+00:00,59.0,124.0,46,59.0,124.0,home
6,2023-02-23 03:30:00+00:00,2023-02-23 05:00:00+00:00,60.0,126.0,48,60.0,126.0,
6,2023-02-23 05:30:00+00:00,2023-02-23 06:30:00+00:00,60.0,126.0,48,60.0,126.0,
6,2023-02-23 07:00:00+00:00,2023-02-23 12:00:00+00:00,63.0,110.0,16,63.0,110.0,work
6,2023-02-23 12:00:00+00:00,2023-02-23 13:00:00+00:00,60.0,126.0,48,60.0,126.0,
6,2023-02-23 15:00:00+00:00,2023-02-23 16:30:00+00:00,59.0,123.0,41,59.0,123.0,
6,2023-02-23 17:30:00+00:00,2023-02-23 22:00:00+00:00,73.0,113.0,64,73.0,113.0,
6,2023-02-23 22:30:00+00:00,2023-02-24 00:00:00+00:00,60.0,126.0,48,60.0,126.0,
6,2023-02-24 00:00:00+00:00,2023-02-24 01:30:00+00:00,59.0,124.0,46,59.0,124.0,home
6,2023-02-24 02:00:00+00:00,2023-02-24 03:00:00+00:00,59.0,124.0,46,59.0,124.0,home
6,2023-02-24 04:30:00+00:00,2023-02-24 05:30:00+00:00,59.0,123.0,41,59.0,123.0,
6,2023-02-24 05:30:00+00:00,2023-02-24 06:30:00+00:00,60.0,126.0,48,60.0,126.0,
6,2023-02-24 06:30:00+00:00,2023-02-24 07:30:00+00:00,59.0,123.0,41,59.0,123.0,
6,2023-02-24 08:00:00+00:00,2023-02-24 12:00:00+00:00,60.0,126.0,48,60.0,126.0,
6,2023-02-24 12:00:00+00:00,2023-02-24 13:00:00+00:00,59.0,124.0,46,59.0,124.0,home
6,2023-02-24 13:30:00+00:00,2023-02-24 14:30:00+00:00,59.0,123.0,41,59.0,123.0,
6,2023-02-24 15:00:00+00:00,2023-02-24 16:00:00+00:00,59.0,124.0,46,59.0,124.0,home
6,2023-02-24 16:00:00+00:00,2023-02-24 17:00:00+00:00,60.0,126.0,48,60.0,126.0,
6,2023-02-24 17:30:00+00:00,2023-02-24 19:30:00+00:00,60.0,126.0,48,60.0,126.0,
6,2023-02-24 19:30:00+00:00,2023-02-24 20:30:00+00:00,59.0,124.0,46,59.0,124.0,home
6,2023-02-24 23:30:00+00:00,2023-02-25 02:00:00+00:00,59.0,123.0,41,59.0,123.0,
6,2023-02-25 02:30:00+00:00,2023-02-25 03:30:00+00:00,62.0,126.0,51,62.0,126.0,
6,2023-02-25 04:00:00+00:00,2023-02-25 06:00:00+00:00,60.0,126.0,48,60.0,126.0,
6,2023-02-25 06:00:00+00:00,2023-02-25 12:00:00+00:00,59.0,124.0,46,59.0,124.0,home
6,2023-02-25 13:30:00+00:00,2023-02-25 14:30:00+00:00,62.0,111.0,4,62.0,111.0,
6,2023-02-25 16:00:00+00:00,2023-02-25 17:00:00+00:00,60.0,122.0,43,60.0,122.0,
6,2023-02-25 17:00:00+00:00,2023-02-25 21:30:00+00:00,60.0,126.0,48,60.0,126.0,
6,2023-02-25 21:30:00+00:00,2023-02-25 23:00:00+00:00,73.0,113.0,64,73.0,113.0,
6,2023-02-25 23:30:00+00:00,2023-02-26 02:00:00+00:00,59.0,124.0,46,59.0,124.0,home
6,2023-02-26 04:00:00+00:00,2023-02-26 05:30:00+00:00,62.0,126.0,51,62.0,126.0,
6,2023-02-26 06:30:00+00:00,2023-02-26 08:00:00+00:00,61.0,114.0,10,61.0,114.0,
6,2023-02-26 08:00:00+00:00,2023-02-26 09:00:00+00:00,63.0,110.0,16,63.0,110.0,work
6,2023-02-26 10:00:00+00:00,2023-02-26 11:30:00+00:00,63.0,111.0,15,63.0,111.0,
6,2023-02-26 11:30:00+00:00,2023-02-26 13:30:00+00:00,61.0,110.0,2,61.0,110.0,
6,2023-02-26 14:00:00+00:00,2023-02-26 21:30:00+00:00,59.0,123.0,41,59.0,123.0,
6,2023-02-26 21:30:00+00:00,2023-02-26 22:30:00+00:00,73.0,112.0,67,73.0,112.0,
6,2023-02-26 22:30:00+00:00,2023-02-27 06:30:00+00:00,59.0,124.0,46,59.0,124.0,home
6,2023-02-27 06:30:00+00:00,2023-02-27 09:00:00+00:00,61.0,111.0,3,61.0,111.0,
6,2023-02-27 12:30:00+00:00,2023-02-27 14:00:00+00:00,62.0,111.0,4,62.0,111.0,
6,2023-02-27 15:30:00+00:00,2023-02-27 16:30:00+00:00,59.0,124.0,46,59.0,124.0,home
6,2023-02-27 17:30:00+00:00,2023-02-27 19:00:00+00:00,59.0,126.0,47,59.0,126.0,
6,2023-02-27 20:30:00+00:00,2023-02-28 06:00:00+00:00,60.0,123.0,42,60.0,123.0,
6,2023-02-28 07:00:00+00:00,2023-02-28 09:00:00+00:00,63.0,110.0,16,63.0,110.0,work
6,2023-02-28 12:00:00+00:00,2023-02-28 13:00:00+00:00,61.0,111.0,3,61.0,111.0,
6,2023-02-28 14:00:00+00:00,2023-02-28 15:30:00+00:00,63.0,111.0,15,63.0,111.0,
6,2023-02-28 16:00:00+00:00,2023-02-28 21:30:00+00:00,59.0,124.0,46,59.0,124.0,home
6,2023-02-28 22:00:00+00:00,2023-02-28 23:30:00+00:00,59.0,124.0,46,59.0,124.0,home
6,2023-02-28 23:30:00+00:00,2023-03-01 00:30:00+00:00,62.0,126.0,51,62.0,126.0,
6,2023-03-01 00:30:00+00:00,2023-03-01 06:00:00+00:00,59.0,124.0,46,59.0,124.0,home
6,2023-03-01 07:30:00+00:00,2023-03-01 14:00:00+00:00,61.0,114.0,10,61.0,114.0,
6,2023-03-01 14:00:00+00:00,2023-03-01 16:30:00+00:00,62.0,110.0,1,62.0,110.0,
6,2023-03-01 16:30:00+00:00,2023-03-01 21:30:00+00:00,59.0,124.0,46,59.0,124.0,home
6,2023-03-01 23:30:00+00:00,2023-03-02 00:30:00+00:00,60.0,126.0,48,60.0,126.0,
6,2023-03-02 01:00:00+00:00,2023-03-02 03:30:00+00:00,60.0,126.0,48,60.0,126.0,
6,2023-03-02 03:30:00+00:00,2023-03-02 05:30:00+00:00,59.0,124.0,46,59.0,124.0,home
6,2023-03-02 06:30:00+00:00,2023-03-02 09:30:00+00:00,63.0,110.0,16,63.0,110.0,work
6,2023-03-02 09:30:00+00:00,2023-03-02 11:00:00+00:00,61.0,110.0,2,61.0,110.0,
6,2023-03-02 11:00:00+00:00,2023-03-02 12:00:00+00:00,63.0,111.0,15,63.0,111.0,
6,2023-03-02 12:00:00+00:00,2023-03-02 13:00:00+00:00,65.0,113.0,12,65.0,113.0,
6,2023-03-02 14:00:00+00:00,2023-03-02 15:00:00+00:00,72.0,112.0,20,72.0,112.0,
6,2023-03-02 16:00:00+00:00,2023-03-02 17:30:00+00:00,60.0,122.0,43,60.0,122.0,
6,2023-03-02 18:30:00+00:00,2023-03-02 22:00:00+00:00,66.0,143.0,59,66.0,143.0,
6,2023-03-03 02:00:00+00:00,2023-03-03 03:30:00+00:00,59.0,124.0,46,59.0,124.0,home
6,2023-03-03 04:00:00+00:00,2023-03-03 05:00:00+00:00,59.0,124.0,46,59.0,124.0,home
6,2023-03-03 05:00:00+00:00,2023-03-03 07:00:00+00:00,62.0,126.0,51,62.0,126.0,
6,2023-03-03 07:00:00+00:00,2023-03-03 08:00:00+00:00,59.0,124.0,46,59.0,124.0,home
6,2023-03-03 08:00:00+00:00,2023-03-03 09:00:00+00:00,60.0,126.0,48,60.0,126.0,
6,2023-03-03 10:00:00+00:00,2023-03-03 13:00:00+00:00,59.0,124.0,46,59.0,124.0,home
6,2023-03-03 14:30:00+00:00,2023-03-03 15:30:00+00:00,59.0,124.0,46,59.0,124.0,home
6,2023-03-03 17:00:00+00:00,2023-03-03 19:00:00+00:00,72.0,113.0,22,72.0,113.0,
6,2023-03-03 19:00:00+00:00,2023-03-03 20:00:00+00:00,81.0,126.0,61,81.0,126.0,
6,2023-03-03 20:00:00+00:00,2023-03-03 21:00:00+00:00,73.0,113.0,64,73.0,113.0,
6,2023-03-04 01:00:00+00:00,2023-03-04 02:30:00+00:00,59.0,124.0,46,59.0,124.0,home
6,2023-03-04 03:00:00+00:00,2023-03-04 04:30:00+00:00,62.0,126.0,51,62.0,126.0,
6,2023-03-04 06:00:00+00:00,2023-03-04 07:00:00+00:00,63.0,110.0,16,63.0,110.0,work
6,2023-03-04 07:00:00+00:00,2023-03-04 08:00:00+00:00,65.0,113.0,12,65.0,113.0,
6,2023-03-04 08:00:00+00:00,2023-03-04 09:00:00+00:00,65.0,109.0,19,65.0,109.0,
6,2023-03-04 14:00:00+00:00,2023-03-04 15:30:00+00:00,61.0,111.0,3,61.0,111.0,
6,2023-03-04 15:30:00+00:00,2023-03-04 16:30:00+00:00,63.0,111.0,15,63.0,111.0,
6,2023-03-04 17:00:00+00:00,2023-03-04 22:00:00+00:00,72.0,113.0,22,72.0,113.0,
6,2023-03-04 23:00:00+00:00,2023-03-05 00:00:00+00:00,59.0,124.0,46,59.0,124.0,home
6,2023-03-05 00:30:00+00:00,2023-03-05 02:00:00+00:00,59.0,124.0,46,59.0,124.0,home
6,2023-03-05 02:00:00+00:00,2023-03-05 05:30:00+00:00,60.0,122.0,43,60.0,122.0,
6,2023-03-05 06:00:00+00:00,2023-03-05 08:00:00+00:00,63.0,110.0,16,63.0,110.0,work
6,2023-03-05 08:00:00+00:00,2023-03-05 10:00:00+00:00,61.0,111.0,3,61.0,111.0,
6,2023-03-05 10:30:00+00:00,2023-03-05 11:30:00+00:00,61.0,110.0,2,61.0,110.0,
6,2023-03-05 12:00:00+00:00,2023-03-05 13:00:00+00:00,61.0,111.0,3,61.0,111.0,
6,2023-03-05 14:00:00+00:00,2023-03-05 15:00:00+00:00,60.0,124.0,45,60.0,124.0,
6,2023-03-05 16:00:00+00:00,2023-03-05 17:00:00+00:00,60.0,122.0,43,60.0,122.0,
6,2023-03-05 17:00:00+00:00,2023-03-05 22:00:00+00:00,72.0,113.0,22,72.0,113.0,
6,2023-03-05 22:00:00+00:00,2023-03-06 02:30:00+00:00,59.0,124.0,46,59.0,124.0,home
6,2023-03-06 02:30:00+00:00,2023-03-06 06:00:00+00:00,60.0,126.0,48,60.0,126.0,
6,2023-03-06 07:00:00+00:00,2023-03-06 08:00:00+00:00,63.0,110.0,16,63.0,110.0,work
6,2023-03-06 08:30:00+00:00,2023-03-06 09:30:00+00:00,63.0,110.0,16,63.0,110.0,work
6,2023-03-06 10:30:00+00:00,2023-03-06 11:30:00+00:00,65.0,109.0,19,65.0,109.0,
6,2023-03-06 12:30:00+00:00,2023-03-06 13:30:00+00:00,61.0,110.0,2,61.0,110.0,
6,2023-03-06 13:30:00+00:00,2023-03-06 14:30:00+00:00,63.0,111.0,15,63.0,111.0,
6,2023-03-06 16:30:00+00:00,2023-03-06 18:30:00+00:00,59.0,124.0,46,59.0,124.0,home
6,2023-03-06 19:00:00+00:00,2023-03-06 20:00:00+00:00,59.0,124.0,46,59.0,124.0,home
6,2023-03-06 20:00:00+00:00,2023-03-06 21:00:00+00:00,60.0,122.0,43,60.0,122.0,
6,2023-03-06 21:00:00+00:00,2023-03-07 03:00:00+00:00,59.0,124.0,46,59.0,124.0,home
6,2023-03-07 03:00:00+00:00,2023-03-07 05:30:00+00:00,62.0,126.0,51,62.0,126.0,
6,2023-03-07 05:30:00+00:00,2023-03-07 06:30:00+00:00,60.0,122.0,43,60.0,122.0,
6,2023-03-07 07:30:00+00:00,2023-03-07 10:30:00+00:00,63.0,110.0,16,63.0,110.0,work
6,2023-03-07 11:00:00+00:00,2023-03-07 12:00:00+00:00,62.0,109.0,0,62.0,109.0,
6,2023-03-07 12:30:00+00:00,2023-03-07 13:30:00+00:00,63.0,110.0,16,63.0,110.0,work
6,2023-03-07 13:30:00+00:00,2023-03-07 15:00:00+00:00,64.0,108.0,17,64.0,108.0,
6,2023-03-07 15:00:00+00:00,2023-03-07 16:00:00+00:00,72.0,112.0,20,72.0,112.0,
6,2023-03-07 16:30:00+00:00,2023-03-07 21:30:00+00:00,59.0,124.0,46,59.0,124.0,home
6,2023-03-07 22:00:00+00:00,2023-03-08 02:00:00+00:00,59.0,124.0,46,59.0,124.0,home
6,2023-03-08 03:00:00+00:00,2023-03-08 04:30:00+00:00,62.0,126.0,51,62.0,126.0,
6,2023-03-08 05:00:00+00:00,2023-03-08 07:30:00+00:00,62.0,126.0,51,62.0,126.0,
6,2023-03-08 08:00:00+00:00,2023-03-08 09:30:00+00:00,59.0,124.0,46,59.0,124.0,home
6,2023-03-08 09:30:00+00:00,2023-03-08 10:30:00+00:00,62.0,138.0,53,62.0,138.0,
6,2023-03-08 12:30:00+00:00,2023-03-08 14:30:00+00:00,75.0,113.0,65,75.0,113.0,
6,2023-03-08 15:00:00+00:00,2023-03-08 16:00:00+00:00,59.0,124.0,46,59.0,124.0,home
6,2023-03-08 17:00:00+00:00,2023-03-08 22:00:00+00:00,72.0,113.0,22,72.0,113.0,
6,2023-03-08 22:00:00+00:00,2023-03-08 23:00:00+00:00,59.0,124.0,46,59.0,124.0,home
6,2023-03-08 23:00:00+00:00,2023-03-09 01:00:00+00:00,60.0,126.0,48,60.0,126.0,
6,2023-03-09 01:00:00+00:00,2023-03-09 02:30:00+00:00,59.0,124.0,46,59.0,124.0,home
6,2023-03-09 02:30:00+00:00,2023-03-09 05:00:00+00:00,60.0,126.0,48,60.0,126.0,
6,2023-03-09 05:00:00+00:00,2023-03-09 06:00:00+00:00,59.0,123.0,41,59.0,123.0,
6,2023-03-09 06:00:00+00:00,2023-03-09 12:00:00+00:00,63.0,110.0,16,63.0,110.0,work
6,2023-03-09 13:30:00+00:00,2023-03-09 15:00:00+00:00,59.0,124.0,46,59.0,124.0,home
6,2023-03-09 15:30:00+00:00,2023-03-09 17:00:00+00:00,59.0,124.0,46,59.0,124.0,home
6,2023-03-09 17:30:00+00:00,2023-03-09 21:30:00+00:00,73.0,113.0,64,73.0,113.0,
6,2023-03-09 23:00:00+00:00,2023-03-10 00:30:00+00:00,60.0,126.0,48,60.0,126.0,
6,2023-03-10 00:30:00+00:00,2023-03-10 03:00:00+00:00,59.0,124.0,46,59.0,124.0,home
6,2023-03-10 03:30:00+00:00,2023-03-10 04:30:00+00:00,59.0,124.0,46,59.0,124.0,home
6,2023-03-10 05:00:00+00:00,2023-03-10 06:00:00+00:00,59.0,124.0,46,59.0,124.0,home
6,2023-03-10 06:30:00+00:00,2023-03-10 07:30:00+00:00,59.0,124.0,46,59.0,124.0,home
6,2023-03-10 07:30:00+00:00,2023-03-10 08:30:00+00:00,60.0,126.0,48,60.0,126.0,
6,2023-03-10 08:30:00+00:00,2023-03-10 09:30:00+00:00,59.0,124.0,46,59.0,124.0,home
6,2023-03-10 10:30:00+00:00,2023-03-10 12:00:00+00:00,85.0,118.0,63,85.0,118.0,
6,2023-03-10 12:30:00+00:00,2023-03-10 13:30:00+00:00,75.0,113.0,65,75.0,113.0,
6,2023-03-10 14:00:00+00:00,2023-03-10 16:00:00+00:00,59.0,124.0,46,59.0,124.0,home
6,2023-03-10 16:00:00+00:00,2023-03-10 17:30:00+00:00,60.0,126.0,48,60.0,126.0,
6,2023-03-10 18:00:00+00:00,2023-03-10 19:00:00+00:00,60.0,126.0,48,60.0,126.0,
6,2023-03-10 19:30:00+00:00,2023-03-10 21:30:00+00:00,60.0,126.0,48,60.0,126.0,
6,2023-03-10 21:30:00+00:00,2023-03-10 23:00:00+00:00,59.0,124.0,46,59.0,124.0,home
6,2023-03-11 00:00:00+00:00,2023-03-11 01:30:00+00:00,60.0,126.0,48,60.0,126.0,
6,2023-03-11 06:00:00+00:00,2023-03-11 08:30:00+00:00,60.0,126.0,48,60.0,126.0,
6,2023-03-11 09:00:00+00:00,2023-03-11 10:00:00+00:00,65.0,111.0,13,65.0,111.0,
6,2023-03-11 10:00:00+00:00,2023-03-11 11:30:00+00:00,62.0,110.0,1,62.0,110.0,
6,2023-03-11 11:30:00+00:00,2023-03-11 13:00:00+00:00,63.0,111.0,15,63.0,111.0,
6,2023-03-11 13:30:00+00:00,2023-03-11 14:30:00+00:00,63.0,111.0,15,63.0,111.0,
6,2023-03-11 15:00:00+00:00,2023-03-11 16:00:00+00:00,60.0,124.0,45,60.0,124.0,
6,2023-03-11 16:00:00+00:00,2023-03-11 17:00:00+00:00,60.0,126.0,48,60.0,126.0,
6,2023-03-11 17:00:00+00:00,2023-03-11 21:30:00+00:00,61.0,120.0,34,61.0,120.0,
6,2023-03-11 23:00:00+00:00,2023-03-12 01:30:00+00:00,59.0,124.0,46,59.0,124.0,home
6,2023-03-12 01:30:00+00:00,2023-03-12 02:30:00+00:00,60.0,126.0,48,60.0,126.0,
6,2023-03-12 03:30:00+00:00,2023-03-12 04:30:00+00:00,62.0,126.0,51,62.0,126.0,
6,2023-03-12 04:30:00+00:00,2023-03-12 05:30:00+00:00,60.0,126.0,48,60.0,126.0,
6,2023-03-12 05:30:00+00:00,2023-03-12 11:00:00+00:00,59.0,124.0,46,59.0,124.0,home
6,2023-03-12 11:30:00+00:00,2023-03-12 12:30:00+00:00,62.0,126.0,51,62.0,126.0,
6,2023-03-12 13:00:00+00:00,2023-03-12 16:00:00+00:00,59.0,124.0,46,59.0,124.0,home
6,2023-03-12 17:00:00+00:00,2023-03-12 22:00:00+00:00,72.0,113.0,22,72.0,113.0,
6,2023-03-13 00:00:00+00:00,2023-03-13 02:00:00+00:00,60.0,126.0,48,60.0,126.0,
6,2023-03-13 02:00:00+00:00,2023-03-13 03:00:00+00:00,62.0,126.0,51,62.0,126.0,
6,2023-03-13 03:00:00+00:00,2023-03-13 04:00:00+00:00,60.0,126.0,48,60.0,126.0,
6,2023-03-13 05:00:00+00:00,2023-03-13 06:30:00+00:00,59.0,124.0,46,59.0,124.0,home
6,2023-03-13 06:30:00+00:00,2023-03-13 07:30:00+00:00,60.0,126.0,48,60.0,126.0,
6,2023-03-13 07:30:00+00:00,2023-03-13 13:00:00+00:00,63.0,110.0,16,63.0,110.0,work
6,2023-03-13 14:00:00+00:00,2023-03-13 15:30:00+00:00,60.0,123.0,42,60.0,123.0,
6,2023-03-13 16:00:00+00:00,2023-03-13 21:30:00+00:00,59.0,124.0,46,59.0,124.0,home
6,2023-03-13 22:00:00+00:00,2023-03-14 03:00:00+00:00,59.0,124.0,46,59.0,124.0,home
6,2023-03-14 03:00:00+00:00,2023-03-14 04:30:00+00:00,62.0,126.0,51,62.0,126.0,
6,2023-03-14 06:30:00+00:00,2023-03-14 08:00:00+00:00,63.0,110.0,16,63.0,110.0,work
6,2023-03-14 09:30:00+00:00,2023-03-14 11:30:00+00:00,63.0,111.0,15,63.0,111.0,
6,2023-03-14 12:00:00+00:00,2023-03-14 13:00:00+00:00,61.0,110.0,2,61.0,110.0,
6,2023-03-14 14:30:00+00:00,2023-03-14 16:00:00+00:00,60.0,123.0,42,60.0,123.0,
6,2023-03-14 16:00:00+00:00,2023-03-14 17:00:00+00:00,60.0,126.0,48,60.0,126.0,
6,2023-03-14 17:00:00+00:00,2023-03-14 19:00:00+00:00,70.0,115.0,24,70.0,115.0,
6,2023-03-14 19:00:00+00:00,2023-03-14 21:30:00+00:00,85.0,132.0,60,85.0,132.0,
6,2023-03-14 22:30:00+00:00,2023-03-15 00:00:00+00:00,59.0,124.0,46,59.0,124.0,home
6,2023-03-15 00:00:00+00:00,2023-03-15 01:00:00+00:00,60.0,126.0,48,60.0,126.0,
6,2023-03-15 01:00:00+00:00,2023-03-15 04:30:00+00:00,59.0,124.0,46,59.0,124.0,home
6,2023-03-15 05:00:00+00:00,2023-03-15 06:00:00+00:00,59.0,124.0,46,59.0,124.0,home
6,2023-03-15 06:30:00+00:00,2023-03-15 11:00:00+00:00,62.0,110.0,1,62.0,110.0,
6,2023-03-15 11:00:00+00:00,2023-03-15 15:00:00+00:00,65.0,111.0,13,65.0,111.0,
6,2023-03-15 15:00:00+00:00,2023-03-15 16:30:00+00:00,62.0,110.0,1,62.0,110.0,
6,2023-03-15 17:00:00+00:00,2023-03-15 18:00:00+00:00,60.0,126.0,48,60.0,126.0,
6,2023-03-15 18:00:00+00:00,2023-03-15 19:00:00+00:00,65.0,141.0,57,65.0,141.0,
6,2023-03-15 19:00:00+00:00,2023-03-15 21:00:00+00:00,66.0,143.0,59,66.0,143.0,
6,2023-03-15 23:30:00+00:00,2023-03-16 02:00:00+00:00,59.0,124.0,46,59.0,124.0,home
6,2023-03-16 02:00:00+00:00,2023-03-16 03:00:00+00:00,60.0,126.0,48,60.0,126.0,
6,2023-03-16 03:00:00+00:00,2023-03-16 05:30:00+00:00,62.0,126.0,51,62.0,126.0,
6,2023-03-16 06:30:00+00:00,2023-03-16 12:30:00+00:00,63.0,110.0,16,63.0,110.0,work
6,2023-03-16 14:00:00+00:00,2023-03-16 16:00:00+00:00,60.0,125.0,44,60.0,125.0,
6,2023-03-16 19:30:00+00:00,2023-03-16 20:30:00+00:00,59.0,124.0,46,59.0,124.0,home
6,2023-03-16 21:00:00+00:00,2023-03-16 23:30:00+00:00,60.0,123.0,42,60.0,123.0,
